Group 1,Group 2,Group 3,Group 4,Group 5
"Cocom, Marta","Parmar, Sheetal","Klimanski, Vital","Cotiy, Alonzo","Tabone, Grace"
"Kuliene, Stase","Brouka, Alesia","Mittal, Nayan","Stankevich, Andrei","Nayak, Monika"
"Benarjee, Sandeep","Bartolo, Doreen","Vasav, Rohini","Mifsud, George","Goyal, Manasi"
"Velasquez, Isabel","Adomaitis, Antanas","Rathore, Raju","Mickus, Robertas","Agius, Tania"
"Balzan, Josephine","Sisodiya, Moni","Gupta, Chandrika","Shakuta, Paulina","Dubey, Monty"
"Haiduk, Vasil","Falzon, John","Grech, Joseph","Wix, Lorenzo","Parmar, Shraddha"
