Group 1,Group 2,Group 3,Group 4,Group 5
"Cocom, Marta","Kuliene, Stase","Benarjee, Sandeep","Vel�squez, Isabel","Balzan, Josephine"
"Parmar, Sheetal","Brouka, Alesia","Bartolo, Doreen","Adomaitis, Antanas","Sisodiya, Moni"
"Klimanski, Vital","Mittal, Nayan","Vasav, Rohini","Gupta, Chandrika","Rathore, Raju"
"Cotiy, Alonzo","Parmar, Shraddha","Stankevich, Andrei","Mifsud, George","Tabone, Grace"
"Mickus, Robertas","Haiduk, Vasil","Falzon, John","Goyal, Manasi","Dubey, Monty"
"Grech, Joseph","Agius, Tania","Shakuta, Paulina","Nayak, Monika","Wix, Lorenzo"
